,Species,Obligate_or_facultative,Simple_or_complex,Sterile_soma,Proportion_of_sterile_cells,cell_types,cell_number,clonal,Fisher Ref,kingdom,phylum,class,order,family,genus,species.updated,species.updated.rotl,reproduction_without_bottleneck_species,reproduction_without_bottleneck_genus,reproduction_without_bottleneck_phylum,fragmentation_or_budding,notes,germline_timing,refs,,,,,
1,Acrasis rosea,facultative,simple,no,0,2,707.945784,non-clonal,[18-20],Protozoa,Percolozoa,Heterolobosea,Acrasida,Acrasiaceae,Acrasis,Acrasis rosea,Acrasis rosea,0,0,0,NA,,3,-77,,,,,
2,Acytostelium,facultative,simple,no,0,1,NA,non-clonal,"[20, 47]",Protozoa,Mycetozoa,Dictyosteliomycetes,Acytosteliales,Acytosteliaceae,Acytostelium,NA,Acytostelium,0,0,1,NA,,3,-77,,,,,
3,Aeolosoma tenebrarum,obligate,complex,yes,NA,12,50118.72,clonal,"[21, 56]",Animalia,Annelida,Polychaeta,NA,Aeolosomatidae,Aeolosoma,Aeolosoma tenebrarum,Aeolosoma tenebrarum,1,1,1,f,,"1,2","(1-5, 8)",,,,,
4,Alaria marginata,obligate,complex,yes,NA,14,1E+12,clonal,[21],Chromista,Ochrophyta,Phaeophyceae,Laminariales,Alariaceae,Alaria,Alaria marginata,Alaria marginata,0,0,1,f/b,,3,"(2, 30, 39)",,,,,
,amphibola crenata,obligate,complex,yes,NA,9,19952.62,clonal,[21],Animalia,Mollusca,Gastropoda,NA,Amphibolidae,Amphibola,Amphibola crenata,Amphibola crenata,0,0,0,NA,,?,"(1, 4)",,,,,
5,Anabaena,obligate,simple,yes,10,3,600,clonal,"[6, 9]",Bacteria,Cyanobacteria,Cyanophyceae,Nostocales,Nostocaceae,Anabaena,NA,Anabaena,1,1,1,f,section IV,3,"(18, 22)",,,,,
6,Anthoceros himalayensis Kashyap,obligate,complex,yes,NA,12,39810.7171,clonal,"[21, 37]",Plantae,Anthocerotophyta,Anthocerotopsida,Anthocerotales,Anthocerotaceae,Anthoceros,NA,Anthoceros himalayensis,0,0,1,?,,3,-2,,,,,
,apodotrocha progenerans,obligate,complex,yes,NA,16,6309.573445,clonal,[21],Animalia,annelida,Polychaeta,Eunicida,Dorvilleidae,Apodotrocha,Apodotrocha progenerans,Apodotrocha progenerans,0,0,1,f,,"1,2",(1-5),,,,,
7,Arthrospira,obligate,simple,yes,NA,2,NA,clonal,[6],Bacteria,Cyanobacteria,Cyanophyceae,Nostocales,Oscillatoriaceae,Arthrospira,NA,Arthrospira,1,1,1,f,https://core.ac.uk/download/pdf/108388.pdf,0,"(18, 22, 23)",,,,,
8,Ascophyllum nodosum,obligate,complex,yes,NA,6,6.31E+11,clonal,[21],Chromista,Ochrophyta,Phaeophyceae,Fucales,Fucaceae,Ascophyllum,Ascophyllum nodosum,Ascophyllum nodosum,1,1,1,f/b,,3,"(2, 30, 36, 37)",,,,,
9,Asperococcus fistulosus,obligate,complex,yes,NA,5,1E+10,clonal,[30],Chromista,Ochrophyta,Phaeophyceae,Ectocarpales,Chordariaceae,Asperococcus,Asperococcus fistulosus,Asperococcus fistulosus,0,0,1,f/b,,3,"(30, 31)",,,,,
10,Astrephomene gubernaculifera,obligate,simple,yes,NA,2,64,clonal,"[27, 28]",Plantae,Chlorophyta,Chlorophyceae,Volvocales,Goniaceae,Astrephomene,NA,Astrephomene gubernaculifera,0,0,0,NA,"in simpler volvocine algae, all cells switch to reproductive and start new colonies",3,(49-52),,,,,
11,Astrephomene perforata,obligate,simple,yes,NA,2,64,clonal,[27],Plantae,Chlorophyta,Chlorophyceae,Volvocales,Goniaceae,Astrephomene,NA,Astrephomene perforata,0,0,0,NA,"Could describ reproduction in volvocine algae as budding: growth of a propagule from a single cell within the body, and then splitting off. ",3,(49-52),,,,,
12,Bacillus subtilis,facultative,simple,no,0,2,NA,non-clonal,[3],Bacteria,Firmicutes,Bacilli,Bacillales,Bacillaceae,Bacillus,Bacillus subtilis,Bacillus subtilis,NA,NA,NA,NA,,3,-24,,,,,
13,Basichlamys sacculifera,obligate,simple,no,0,1,4,clonal,[25],Plantae,Chlorophyta,Chlorophyceae,Volvocales,Tetrabaenaceae,Basichlamys,NA,Basichlamys sacculifera,0,0,0,NA,,0,(49-52),,,,,
14,Botryocladia wynnei,obligate,complex,yes,NA,6,3981071.71,clonal,[21],Plantae,Rhodophyta,Florideophyceae,Rhodymeniales,Rhodymeniaceae,Botryocladia,Botryocladia wynnei,Botryocladia wynnei,1,1,1,f,"Many red and brown algae are cultivated by taking pieces and growing them: does this happen in nature? (At least one of references here describes how fish can cause fragmentation, which species was this?",3,"(2, 30, 61)",,,,,
,caenorhabditis elegans,obligate,complex,yes,NA,24,891.25,clonal,[21],Animalia,Nematoda,Secernentea,Rhabditida,Rhabditidae,Caenorhabditis,Caenorhabditis elegans,Caenorhabditis elegans,0,0,0,NA,,1,"(1, 4)",,,,,
15,Callinectes sapidus,obligate,complex,yes,NA,69,3.16E+11,clonal,[21],Animalia,Arthropoda,Malacostraca,Decapoda,Portunidae,Callinectes,Callinectes sapidus,Callinectes sapidus,0,0,0,NA,,"1,2","(1, 4)",,,,,
16,Calothrix,obligate,simple,yes,NA,3,NA,clonal,[6],Bacteria,Cyanobacteria,Cyanophyceae,Nostocales,Rivulariaceae,Calothrix,NA,Calothrix,1,1,1,f,section IV,3,"(18, 22)",,,,,
17,Candida albicans,facultative,simple,no,0,3,NA,clonal,"[21, 55]",Fungi,Ascomycota,Saccharomycetes,Saccharomycetales,Debaryomycetaceae,Candida,Candida albicans,Candida albicans,1,1,1,f,,0,-2,,,,,
18,Canis familiaris,obligate,complex,yes,NA,99,5.01E+13,clonal,[21],Animalia,Chordata,Mammalia,Carnivora,Canidae,Canis,Canis lupus,Canis lupus,0,0,0,NA,,"1,2","(1, 4)",,,,,
19,Carpomitra costata,obligate,complex,yes,NA,7,2511886432,clonal,[21],Chromista,Ochrophyta,Phaeophyceae,Sporochnales,Sporochnaceae,Carpomitra,Carpomitra costata,Carpomitra costata,0,0,1,f/b,,3,"(2, 30)",,,,,
39,Dictyostelium fasciculatum,facultative,simple,yes,20,2,NA,non-clonal,[47],Protozoa,Mycetozoa,Dictyosteliomycetes,Acytosteliales,Cavenderiaceae,Cavenderia,Cavenderia fasciculata,Cavenderia fasciculata,0,0,1,f,,3,-79,,,,,
98,Ophioglossum palmatum,obligate,complex,yes,NA,14,6309573445,clonal,[21],Plantae,Tracheophyta,Polypodiopsida,Ophioglossales,Ophioglossaceae,Cheiroglossa,Cheiroglossa palmata,Cheiroglossa palmata,1,1,1,b,,3,"(2, 73)",,,,,
20,Chlamydomonas reinhardtii,facultative,simple,no,0,1,71,clonal,"[23, 24]",Plantae,Chlorophyta,Chlorophyceae,Volvocales,Chlamydomonadaceae,Chlamydomonas,Chlamydomonas reinhardtii,Chlamydomonas reinhardtii,0,0,0,NA,,0,(49-52),,,,,
21,Chlorogloeopsis,obligate,simple,yes,NA,2,22,clonal,[6],Bacteria,Cyanobacteria,Cyanophyceae,Chroococcales,Entophysalidaceae,Chlorogloeopsis,NA,Chlorogloeopsis,1,1,1,f,"forms shortish trichomes, can release single cells, groups or fragment into short, section V ",3,"(18, 22)",,,,,
22,Chondromyces crocatus,facultative,simple,yes,NA,2,NA,non-clonal,[10],Bacteria,Proteobacteria,Deltaproteobacteria,Myxococcales,Polyangiaceae,Chondromyces,Chondromyces crocatus,Chondromyces crocatus,NA,NA,NA,NA,,3,-26,,,,,
23,Chordaria flagelliformis,obligate,complex,yes,NA,6,3981071706,clonal,[21],Chromista,Ochrophyta,Phaeophyceae,Ectocarpales,Chordariaceae,Chordaria,Chordaria flagelliformis,Chordaria flagelliformis,0,0,1,f/b,,3,"(2, 30, 33)",,,,,
,chordodasys antennatus,obligate,complex,yes,NA,15,1258.93,clonal,[21],Animalia,Gastrotricha,NA,Macrodasyida,Xenodasyidae,Chordodasiopsis,Chordodasiopsis antennatus,Chordodasiopsis antennatus,0,0,0,NA,,1,"(1, 4)",,,,,
25,Cladostephus spongiosus verticillatus,obligate,complex,yes,NA,8,125892541,clonal,[21],Chromista,Ochrophyta,Phaeophyceae,Sphacelariales,Cladostephaceae,Cladostephus,Cladostephus spongiosus,Cladostephus spongiosus,0,0,1,f/b,,3,"(2, 30, 40)",,,,,
26,Clostridium,facultative,simple,no,0,2,NA,non-clonal,"[1], [2]",Bacteria,Firmicutes,Clostridia,Clostridiales,Clostridiaceae,Clostridium,NA,Clostridium,NA,NA,NA,NA,,0,-25,,,,,
27,Colpomenia sinuosa,obligate,complex,yes,NA,5,1995262315,clonal,[21],Chromista,Ochrophyta,Phaeophyceae,Scytosiphonales,Scytosiphonaceae,Colpomenia,Colpomenia sinuosa,Colpomenia sinuosa,0,0,1,f/b,,3,"(2, 30)",,,,,
28,Conocephalum conicum,obligate,complex,yes,NA,15,3162277.66,clonal,"[21, 37]",Plantae,Marchantiophyta,Marchantiopsida,Marchantiales,Conocephalaceae,Conocephalum,Conocephalum conicum,Conocephalum conicum,1,1,1,f/b,,3,"(2, 54)",,,,,
,conocyema polymorpha,obligate,complex,yes,NA,3,28.18,clonal,[21],Animalia,Dicyemida,Rhombozoa,NA,Conocyemidae,Conocyema,Conocyema polymorpha,Conocyema polymorpha,0,0,0,?,,?,"(1, 4)",,,,,
,microhydra rideri,obligate,complex,yes,NA,3,125.8925412,clonal,[21],Animalia,Cnidaria,Hydrozoa,Limnomedusae,Olindiidae,Craspedacusta,Craspedacusta sowerbii,Craspedacusta sowerbii,1,1,1,b,,3,"(1, 4, 13)",,,,,
29,Crinalium magnum,facultative,simple,no,0,1,NA,clonal,[6],Bacteria,Cyanobacteria,Cyanophyceae,NA,Gomontiellaceae,Crinalium,NA,Crinalium magnum,1,1,1,f,"forms trichomes, but not heterocysts, section 3",0,"(18, 22)",,,,,
30,Croomia pauciflora,obligate,complex,yes,NA,42,25119000000,clonal,[21],Plantae,Tracheophyta,Liliopsida,Pandanales,Stemonaceae,Croomia,Croomia pauciflora,Croomia pauciflora,1,1,1,b,,3,"(2, 68)",,,,,
,apsilus vorax,obligate,complex,yes,NA,16,141253.75,clonal,[21],Animalia,Rotifera,Monogonta,Collothecaceae,Atrochidae,Cupelopagis,cupelopagis vorax,cupelopagis vorax,0,0,0,NA,,1,"(1, 4)",,,,,
31,Cutleria,obligate,complex,yes,NA,7,3162277660,clonal,[30],Chromista,Ochrophyta,Phaeophyceae,Cutleriales,Cutleriaceae,Cutleria,NA,Cutleria,0,0,1,f/b,,3,"(30, 31)",,,,,
,cyanea cyanea,obligate,complex,yes,NA,22,1E+13,clonal,[21],Animalia,Cnidaria,Scyphozoa,Semaeostomeae,Cyaneidae,Cyanea,cyanea cyanea,Cyanea capillata,0,0,1,?,,3,-2,,,,,
33,Cyathodium,obligate,complex,yes,NA,13,50118723.4,clonal,"[21, 37]",Plantae,Marchantiophyta,Marchantiopsida,Marchantiales,Cyathodiaceae,Cyathodium,NA,Cyathodium,1,1,1,f/b,,3,"(2, 55)",,,,,
34,Cyathodium foetidissimum,obligate,complex,yes,NA,15,630957345,clonal,"[21, 37]",Plantae,Marchantiophyta,Marchantiopsida,Marchantiales,Cyathodiaceae,Cyathodium,Cyathodium foetidissimum,Cyathodium foetidissimum,1,1,1,f/b,,3,"(2, 55, 56)",,,,,
35,Dasybranchus caducus,obligate,complex,yes,NA,10,31622.7766,clonal,[21],Animalia,Annelida,Polychaeta,NA,Capitellidae,Dasybranchus,Dasybranchus caducus,Dasybranchus caducus,0,0,1,f,,"1,2",(1-5),,,,,
36,Desmarestia antarctica,obligate,complex,yes,NA,7,6.31E+11,clonal,[21],Chromista,Ochrophyta,Phaeophyceae,Desmarestiales,Desmarestiaceae,schoschina 1996 (asexual spores),NA,Desmarestia antarctica,0,0,1,f/b,,3,"(2, 30)",,,,,
37,Dictyosiphon hirsutus,obligate,complex,yes,NA,6,39811000000,clonal,[21],Chromista,Ochrophyta,Phaeophyceae,Ectocarpales,Chordariaceae,Dictyosiphon,NA,Dictyosiphon hirsutus,0,0,1,f/b,,3,"(2, 30)",,,,,
38,Dictyostelium discoideum,facultative,simple,yes,20,3,1E+05,non-clonal,"[11, 19, 49]",Protozoa,Mycetozoa,Dictyosteliomycetes,Dictyosteliales,Dictyosteliaceae,Dictyostelium,Dictyostelium discoideum,Dictyostelium discoideum,1,1,1,f,,3,"(80, 81)",,,,,
41,Dictyostelium purpureum,facultative,simple,yes,13.5,2,NA,non-clonal,"[47, 50]",Protozoa,Mycetozoa,Dictyosteliomycetes,Dictyosteliales,Dictyosteliaceae,Dictyostelium,Dictyostelium purpureum,Dictyostelium purpureum,1,1,1,f,,3,-79,,,,,
42,Dictyota binghamiae,obligate,complex,yes,NA,4,2.51E+11,clonal,[21],Chromista,Ochrophyta,Phaeophyceae,Dictyotales,Dictyotaceae,Dictyota,Dictyota binghamiae,Dictyota binghamiae,0,1,1,f/b,,3,"(30, 32)",,,,,
,dicyema typhus ,obligate,complex,yes,NA,3,1584.89,clonal,[21],Animalia,Dicyemida,Rhombozoa,NA,Dicyemidae,Dicyema,Dicyema typus,Dicyema typus,0,0,0,?,,?,"(1, 4)",,,,,
,dicyemmenea abelis,obligate,complex,yes,NA,6,19.95,clonal,[21],Animalia,Dicyemida,Rhombozoa,NA,Dicyemidae,Dicyemennea,Dicyemennea abelis,Dicyemennea abelis,0,0,0,?,,?,"(1, 4)",,,,,
,dicyemmenea lameerei,obligate,complex,yes,NA,3,223.87,clonal,[21],Animalia,Dicyemida,Rhombozoa,NA,Dicyemidae,Dicyemennea,Dicyemennea lameerei,Dicyemennea lameerei,0,0,0,?,,?,"(1, 4)",,,,,
43,Dilsea natashae,obligate,complex,yes,NA,12,19953000000,clonal,[21],Plantae,Rhodophyta,Florideophyceae,Gigartinales,Dumontiaceae,Dilsea,Dilsea natashae,Dilsea natashae,0,0,1,f,,3,"(2, 30)",,,,,
44,Dinophilus gyrociliatus,obligate,complex,yes,NA,23,10000,clonal,[21],Animalia,Annelida,Polychaeta,Eunicida,Dinophilidae,Dinophilus,Dinophilus gyrociliatus,Dinophilus gyrociliatus,0,0,1,f,,"1,2","(1-5, 7)",,,,,
45,Diurodrilus westheidei,obligate,complex,yes,NA,14,3548.134,clonal,[21],Animalia,Annelida,Polychaeta,Eunicida,Diurodrilidae,Diurodrilus,Diurodrilus westheidei,Diurodrilus westheidei,0,0,1,f,,"1,2",(1-5),,,,,
46,Ducellieria chodatii,obligate,complex,no,0,1,40,clonal,[42],Chromista,Oomycota,Peronosporea,Leptomitales,Ducellieriaceae,Ducellieria,Ducellieria chodatii,Ducellieria chodatii,0,0,0,f/b,less sure about this one,0,-42,,,,,
47,Durvillaea antarctica,obligate,complex,yes,NA,6,1E+12,clonal,[21],Chromista,Ochrophyta,Phaeophyceae,Fucales,Durvillaeaceae,Durvillaea,Durvillaea antarctica,Durvillaea antarctica,0,0,1,f/b,,3,"(2, 30)",,,,,
48,Ectocarpus siliculosus,obligate,complex,yes,NA,4,316227.766,clonal,[21],Chromista,Ochrophyta,Phaeophyceae,Ectocarpales,Ectocarpaceae,Ectocarpus,Ectocarpus siliculosus,Ectocarpus siliculosus,1,1,1,f/b,,3,"(30, 35)",,,,,
49,Elachista fucicola,obligate,complex,yes,NA,5,15848931.9,clonal,[21],Chromista,Ochrophyta,Phaeophyceae,Ectocarpales,Chordariaceae,Elachista,Elachista fucicola,Elachista fucicola,0,0,1,f/b,,3,"(2, 30)",,,,,
,entersostomula graffi,obligate,complex,yes,NA,12,354813.39,clonal,[21],Animalia,Platyhelminthes,NA,Prolecithophora,Pseudostomidae,Enterostomula,Enterostomula graffi,Enterostomula graffi,?,0,1,?,,3,"(1, 4)",,,,,
50,Escherichia coli,facultative,simple,no,0,1,NA,non-clonal,[15],Bacteria,Proteobacteria,Gammaproteobacteria,Enterobacteriales,Enterobacteriaceae,Escherichia,Escherichia coli,Escherichia coli,NA,NA,NA,NA,,0,-27,,,,,
51,Eudorina cylindrica,obligate,simple,yes,NA,2,16,clonal,[27],Plantae,Chlorophyta,Chlorophyceae,Volvocales,Volvocaceae,Eudorina,Eudorina cylindrica,Eudorina cylindrica,0,0,0,NA,,0,(49-52),,,,,
52,Eudorina elegans,obligate,simple,yes,12.5,1,32,clonal,[29],Plantae,Chlorophyta,Chlorophyceae,Volvocales,Volvocaceae,Eudorina,Eudorina elegans,Eudorina elegans,0,0,0,NA,,0,(49-52),,,,,
53,Eudorina minodii,obligate,simple,no,0,1,32,clonal,[29],Plantae,Chlorophyta,Chlorophyceae,Volvocales,Volvocaceae,Eudorina,Eudorina minodii,Eudorina minodii,0,0,0,NA,,0,(49-52),,,,,
54,Eudorina unicocca,obligate,simple,no,0,1,32,clonal,[31],Plantae,Chlorophyta,Chlorophyceae,Volvocales,Volvocaceae,Eudorina,Eudorina unicocca,Eudorina unicocca,0,0,0,NA,,0,(49-52),,,,,
55,Farlowia mollis,obligate,complex,yes,NA,7,3162277660,clonal,[21],Plantae,Rhodophyta,Florideophyceae,Gigartinales,Dumontiaceae,Farlowia,Farlowia mollis,Farlowia mollis,0,0,1,f,,3,"(2, 30, 58)",,,,,
56,Fischerella,obligate,simple,yes,NA,2,NA,clonal,"[8],[6]",Bacteria,Cyanobacteria,Cyanophyceae,Stigonematales,Stigonemataceae,Fischerella,NA,Fischerella,1,1,1,f,section V,3,"(18, 22)",,,,,
57,Fucus vesiculosus,obligate,complex,yes,NA,7,3.16E+12,clonal,[21],Chromista,Ochrophyta,Phaeophyceae,Fucales,Fucaceae,Fucus,Fucus vesiculosus,Fucus vesiculosus,1,1,1,f/b,,3,"(2, 30, 38)",,,,,
58,Fuirena ciliaris,obligate,complex,yes,NA,44,25119000000,clonal,[21],Plantae,Tracheophyta,Liliopsida,Poales,Cyperaceae,Fuirena,Fuirena ciliaris,Fuirena ciliaris,0,0,1,?,,3,"(2, 69)",,,,,
59,Funaria hygrometrica,obligate,complex,yes,NA,20,251188643,clonal,"[21, 37]",Plantae,Bryophyta,Bryopsida,Funariales,Funariaceae,Funaria,Funaria hygrometrica,Funaria hygrometrica,1,1,1,b,,3,"(2, 43, 44)",,,,,
60,Gloeophycus koreanus,obligate,complex,yes,NA,12,63096000000,clonal,[21],Plantae,Rhodophyta,Florideophyceae,Gigartinales,Gloiosiphoniaceae,Gloeophycus,NA,Gloeophycus koreanus,0,0,1,f,,3,"(2, 30)",,,,,
61,Gonium multicoccum,obligate,simple,no,0,1,32,clonal,[29],Plantae,Chlorophyta,Chlorophyceae,Volvocales,Goniaceae,Gonium,Gonium multicoccum,Gonium multicoccum,0,0,0,NA,,0,(49-52),,,,,
62,Gonium octonarium,obligate,simple,no,0,1,NA,clonal,[29],Plantae,Chlorophyta,Chlorophyceae,Chlamydomonadales,Volvocaceae,Gonium,Gonium octonarium,Gonium octonarium,0,0,0,NA,,0,(49-52),,,,,
63,Gonium pectorale,obligate,simple,no,0,1,16,clonal,"[26, 27, 29]",Plantae,Chlorophyta,Chlorophyceae,Volvocales,Goniaceae,Gonium,Gonium pectorale,Gonium pectorale,0,0,0,NA,,0,(49-52),,,,,
64,Gonium quadratum,obligate,simple,no,0,1,16,clonal,[29],Plantae,Chlorophyta,Chlorophyceae,Volvocales,Goniaceae,Gonium,Gonium quadratum,Gonium quadratum,0,0,0,NA,,0,(49-52),,,,,
65,Gonium viridistellatum,obligate,simple,no,0,1,16,clonal,[29],Plantae,Chlorophyta,Chlorophyceae,Volvocales,Goniaceae,Gonium,NA,Gonium viridistellatum,0,0,0,NA,,0,(49-52),,,,,
66,Gymnoascus reessii,obligate,complex,yes,NA,5,15848.9319,clonal,[21],Fungi,Ascomycota,Eurotiomycetes,Onygenales,Gymnoascaceae,Gymnoascus,reesii,Gymnoascus reessii,0,0,1,f,"not sure with fungi, can simply split hyphae into multiple pieces (fragmentation) and s'all good, but does this happen often naturally? ",3,-2,,,,,
,haliclystus haliclystus,obligate,complex,yes,NA,22,31622776.6,clonal,[21],Animalia,Cnidaria,Staurozoa,Stauromedusae,Haliclystidae,Haliclystus,haliclystus,haliclystus,0,0,1,?,,3,-2,,,,,
67,Halymenia asymmetrica,obligate,complex,yes,NA,13,63096000000,clonal,"[21, 22]",Plantae,Rhodophyta,Florideophyceae,Halymeniales,Halymeniaceae,Halymenia,Halymenia asymmetrica,Halymenia asymmetrica,0,1,1,f,,3,"(2, 30, 59, 60)",,,,,
68,Haplospora globosa,obligate,complex,yes,NA,4,25119000000,clonal,"[21, 43]",Chromista,Ochrophyta,Phaeophyceae,Tilopteridales,Tilopteridaceae,Haplospora,Haplospora globosa,Haplospora globosa,1,1,1,f/b,,3,"(2, 41)",,,,,
69,Helminthostachys zeylanica,obligate,complex,yes,NA,5,70794578.4,clonal,"[21, 22]",Plantae,Tracheophyta,Polypodiopsida,Ophioglossales,Ophioglossaceae,Helminthostachys,Helminthostachys zeylanica,Helminthostachys zeylanica,0,0,1,b,,3,"(2, 74, 75)",,,,,
70,Heteroglossum carnosum,obligate,complex,yes,NA,11,1E+09,clonal,[21],Plantae,Rhodophyta,Florideophyceae,Ceramiales,Delesseriaceae,Heteroglossum,NA,Heteroglossum carnosum,0,0,1,f,,3,"(2, 30)",,,,,
71,Heteroralfsia saxicola,obligate,complex,yes,NA,9,794328235,clonal,[21],Chromista,Ochrophyta,Phaeophyceae,Scytosiphonales,Scytosiphonaceae,Heteroralfsia,NA,Heteroralfsia saxicola,0,0,1,f/b,,3,"(2, 30)",,,,,
116,Polysphondylium pallidum,facultative,simple,yes,45,2,NA,non-clonal,[48],Protozoa,Mycetozoa,Dictyosteliomycetes,Acytosteliales,Acytosteliaceae,Heterostelium,Heterostelium pallidum,Heterostelium pallidum,0,0,1,f,,3,-78,,,,,
72,Himantothallus grandifolius,obligate,complex,yes,NA,14,1.58E+12,clonal,[21],Chromista,Ochrophyta,Phaeophyceae,Desmarestiales,Desmarestiaceae,Himantothallus,Himantothallus grandifolius,Himantothallus grandifolius,0,0,1,f/b,,3,"(2, 30)",,,,,
73,Hirudo medicinalis,obligate,complex,yes,NA,26,19953000000,clonal,[21],Animalia,Annelida,Clitellata,Arhynchobdellida,Hirudinidae,Hirudo,Hirudo medicinalis,Hirudo medicinalis,0,0,1,f,"Hirudinidae can't reproduce asexually, ",1,(1-5),,,,,
74,Hummia onusta,obligate,complex,yes,NA,5,1E+08,clonal,[21],Chromista,Ochrophyta,Phaeophyceae,Dictyosiphonales,Striariaceae,Hummia,Hummia onusta,Hummia onusta,0,0,1,f/b,,3,"(2, 30)",,,,,
75,Hydra vulgaris,obligate,complex,yes,NA,15,63095.7345,clonal,[21],Animalia,Cnidaria,Hydrozoa,Anthoathecata,Hydridae,Hydra,Hydra vulgaris,Hydra vulgaris,1,1,1,b,"budding in hydra may be more akin to fragmentation in this definition: bud growth is driven by cell migration, rather than cell division",3,"(1, 4, 11, 12)",,,,,
76,Hymenophyllum tunbridgense,obligate,complex,yes,NA,15,7079457844,clonal,[21],Plantae,Tracheophyta,Polypodiopsida,Hymenophyllales,Hymenophyllaceae,Hymenophyllum,Hymenophyllum tunbridgense,Hymenophyllum tunbridgense,1,1,1,b,,3,"(2, 71, 72)",,,,,
77,Isthmoplea sphaerophora,obligate,complex,yes,NA,3,15848.932,clonal,[21],Chromista,Ochrophyta,Phaeophyceae,Ectocarpales,Chordariaceae,Isthmoplea,Isthmoplea sphaerophora,Isthmoplea sphaerophora,0,0,1,f/b,,3,"(2, 30, 34)",,,,,
78,Kurogiella saxatilis,obligate,complex,yes,NA,7,25119000000,clonal,[21],Chromista,Ochrophyta,Phaeophyceae,Ectocarpales,Chordariaceae,Kurogiella,NA,Kurogiella saxatilis,0,0,1,f/b,,3,"(2, 30)",,,,,
79,Laminaria dentigera,obligate,complex,yes,NA,14,1.26E+11,clonal,[21],Chromista,Ochrophyta,Phaeophyceae,Laminariales,Laminariaceae,Laminaria,Laminaria dentigera,Laminaria dentigera,1,1,1,f/b,,3,"(2, 30)",,,,,
80,Leathesia difformis,obligate,complex,yes,NA,6,39811000000,clonal,[30],Chromista,Ochrophyta,Phaeophyceae,Ectocarpales,Chordariaceae,Leathesia,Leathesia difformis,Leathesia difformis,0,0,1,f/b,,3,"(30, 31)",,,,,
81,Lemna minor,obligate,complex,yes,NA,18,794328.235,clonal,[21],Plantae,Tracheophyta,Liliopsida,Alismatales,Araceae,Lemna,Lemna minor,Lemna minor,1,1,1,b,,3,"(2, 63)",,,,,
82,Lomandra hermaphrodita,obligate,complex,yes,NA,36,35481000000,clonal,[21],Plantae,Tracheophyta,Liliopsida,Asparagales,Asparagaceae,Lomandra,Lomandra hermaphrodita,Lomandra hermaphrodita,0,1,1,b,,3,"(2, 66)",,,,,
,loxosoma sultana,obligate,complex,yes,NA,16,3548.13,clonal,[21],Animalia,Kamptozoa,Entoprocta,Coloniales,Loxosomatidae,Loxosoma,Loxosoma saltans,Loxosoma saltans,0,0,1,b,,3,"(1, 4)",,,,,
83,Lumbricus terrestris,obligate,complex,yes,NA,57,1E+10,clonal,[57],Animalia,Annelida,Clitellata,Crassiclitellata,Lumbricidae,Lumbricus,Lumbricus terrestris,Lumbricus terrestris,1,1,1,f,,"1,2",(1-5),,,,,
84,Lyngbya aestuarii,obligate,simple,yes,NA,2,NA,clonal,[6],Bacteria,Cyanobacteria,NA,Oscillatoriales,Oscillatoriaceae,Lyngbya,Lyngbya aestuarii,Lyngbya aestuarii,0,0,1,f,,0,-18,,,,,
,macrostomum gigas,obligate,complex,yes,NA,14,501187.23,clonal,[21],Animalia,Platyhelminthes,NA,Macrostomorpha,Macrostomidae,Macrostomum,Macrostomum tuba,Macrostomum tuba,1,1,1,f,,3,"(1, 4, 15, 16)",,,,,
85,Mammillaria elongata,obligate,complex,yes,NA,27,63096000000,clonal,[21],Plantae,Tracheophyta,Magnoliopsida,Caryophyllales,Cactaceae,Mammillaria,Mammillaria elongata,Mammillaria elongata,1,1,1,b,,3,"(2, 70) RHS.org.uk",,,,,
86,Membranoptera subtropica,obligate,complex,yes,NA,12,6309573.45,clonal,[21],Plantae,Rhodophyta,Florideophyceae,Ceramiales,Delesseriaceae,Membranoptera,Membranoptera subtropica,Membranoptera subtropica,0,0,1,f,,3,"(2, 30)",,,,,
24,Chordaria linearis,obligate,complex,yes,NA,6,1E+10,clonal,[21],Chromista,Ochrophyta,Phaeophyceae,Ectocarpales,Chordariaceae,Mesogloia,Mesogloia linearis,Mesogloia linearis,0,0,1,f/b,,3,"(2, 30)",,,,,
87,Methanosarcina mazei,facultative,simple,NA,NA,NA,NA,clonal,"[16, 17]",Archaea,Euryarchaeota,Methanomicrobia,Methanosarcinales,Methanosarcinaceae,Methanosarcina,Methanosarcina mazei,Methanosarcina mazei,1,1,1,NA,,0,-19,,,,,
88,Microcoleus chthonoplastes,obligate,simple,yes,NA,2,NA,clonal,[6],Bacteria,Cyanobacteria,NA,NA,NA,NA,Microcoleus chthonoplastes,Microcoleus chthonoplastes,0,0,1,f,section 3,0,-18,,,,,
89,Microcystis aeruginosa,facultative,simple,no,0,1,NA,non-clonal,[7],Bacteria,Cyanobacteria,Cyanophyceae,Chroococcales,Chroococcaceae,Microcystis,Microcystis aeruginosa,Microcystis aeruginosa,NA,NA,NA,NA,,0,-21,,,,,
90,Monoclea forsteri,obligate,complex,yes,NA,13,3162277.66,clonal,"[21, 37]",Plantae,Marchantiophyta,Marchantiopsida,Marchantiales,Monocleaceae,Monoclea,Monoclea forsteri,Monoclea forsteri,0,1,1,f/b,,3,-55,,,,,
91,Morone saxatilis,obligate,complex,yes,NA,122,2.51E+11,clonal,[21],Animalia,Chordata,Actinopterygii,Perciformes,Moronidae,Morone,Morone saxatilis,Morone saxatilis,0,0,0,NA,,"1,2","(1, 4)",,,,,
92,Mus musculus,obligate,complex,yes,NA,102,2E+11,clonal,[21],Animalia,Chordata,Mammalia,Rodentia,Muridae,Mus,Mus musculus,Mus musculus,0,0,0,NA,,"1,2","(1, 4)",,,,,
93,Myxococcus fulvus,facultative,simple,yes,NA,2,1E+05,non-clonal,"[10, 11]",Bacteria,Proteobacteria,Deltaproteobacteria,Myxococcales,Myxococcaceae,Myxococcus,Myxococcus fulvus,Myxococcus fulvus,NA,NA,NA,NA,,3,-26,,,,,
94,Myxococcus xanthus,facultative,simple,yes,NA,2,1E+05,non-clonal,[10-14],Bacteria,Proteobacteria,Deltaproteobacteria,Myxococcales,Myxococcaceae,Myxococcus,Myxococcus xanthus,Myxococcus xanthus,NA,NA,NA,NA,,3,-26,,,,,
95,Nais variabilis,obligate,complex,yes,NA,13,251188.643,clonal,[57],Animalia,Annelida,Clitellata,Haplotaxida,Naididae,Nais,Nais variabilis,Nais variabilis,1,1,1,f,,"1,2",(1-6),,,,,
,neomenia carinata,obligate,complex,yes,NA,7,1000.00,clonal,[21],Animalia,Mollusca,Solenogastres,Neomeniamorpha,Neomeniidae,Neomenia,Neomenia carinata,Neomenia carinata,0,0,0,NA,,?,"(1, 4)",,,,,
97,Nostoc,obligate,simple,yes,NA,3,350,clonal,"[9],[6]",Bacteria,Cyanobacteria,Cyanophyceae,Nostocales,Nostocaceae,Nostoc,NA,Nostoc,1,1,1,f,section IV,3,"(18, 22)",,,,,
,notholca acuminata,obligate,complex,yes,NA,13,3162.28,clonal,[21],Animalia,Rotifera,Eurotatoria,Ploima,Brachionidae,Notholca,Notholca acuminata,Notholca acuminata,0,0,0,NA,,1,"(1, 4)",,,,,
125,Salmo gairdneri,obligate,complex,yes,NA,116,2.51E+11,clonal,[21],Animalia,Chordata,Actinopterygii,Salmoniformes,Salmonidae,Oncorhynchus,Oncorhynchus mykiss,Oncorhynchus mykiss,0,0,0,NA,,"1,2","(1, 4)",,,,,
99,Oscillatoria sancta,obligate,simple,yes,NA,2,100,clonal,[6],Bacteria,Cyanobacteria,NA,NA,NA,NA,Oscillatoria sancta,Oscillatoria sancta,0,0,1,f,section 3,0,-18,,,,,
100,Pandorina colemaniae,obligate,simple,no,0,1,16,clonal,[30],Plantae,Chlorophyta,Chlorophyceae,Volvocales,Volvocaceae,Pandorina,Pandorina colemaniae,Pandorina colemaniae,0,0,0,NA,,0,(49-52),,,,,
101,Pandorina morum,obligate,simple,no,0,1,16,clonal,[30],Plantae,Chlorophyta,Chlorophyceae,Volvocales,Volvocaceae,Pandorina,Pandorina morum,Pandorina morum,0,0,0,NA,,0,(49-52),,,,,
,pedicillina echinata,obligate,complex,yes,NA,10,39810.72,clonal,[21],Animalia,Kamptozoa,Entoprocta,Solitaria,Pedicellinidae,Pedicellina,Pedicellina cernua,Pedicellina cernua,0,0,1,b,,3,"(1, 4)",,,,,
102,Periplaneta americana,obligate,complex,yes,NA,50,3162277660,clonal,[21],Animalia,Arthropoda,Insecta,Blattodea,Blattidae,Periplaneta,Periplaneta americana,Periplaneta americana,0,0,0,NA,,"1,2","(1, 4)",,,,,
103,Petermannia cirrosa,obligate,complex,yes,NA,39,25119000000,clonal,[21],Plantae,Tracheophyta,Liliopsida,Liliales,Petermanniaceae,Petermannia,Petermannia cirrosa,Petermannia cirrosa,1,1,1,b,,3,-2,,,,,
104,Physarum polycephalum,facultative,simple,yes,NA,2,300,clonal,[44-46],Protozoa,Mycetozoa,Myxomycetes,Physarales,Physaraceae,Physarum,Physarum polycephalum,Physarum polycephalum,0,0,0,f,,3,-82,,,,,
105,Pinus monophylla,obligate,complex,yes,NA,30,1E+10,clonal,[21],Plantae,Tracheophyta,Pinopsida,Pinales,Pinaceae,Pinus,Pinus monophylla,Pinus monophylla,0,0,1,f?,"can be propagated without seed, but is it naturally occurring?",3,-2,,,,,
106,Pisione remota,obligate,complex,yes,NA,11,44668.3592,clonal,[21],Animalia,Annelida,Polychaeta,Phyllodocida,Sigalionidae,Pisione,Pisione remota,Pisione remota,0,0,1,f,,"1,2",(1-5),,,,,
107,Platydorina caudata,obligate,simple,no,0,1,32,clonal,[29],Plantae,Chlorophyta,Chlorophyceae,Volvocales,Volvocaceae,Platydorina,Platydorina caudata,Platydorina caudata,0,0,0,NA,,0,(49-52),,,,,
108,Pleodorina californica,obligate,simple,yes,NA,2,128,clonal,[29],Plantae,Chlorophyta,Chlorophyceae,Volvocales,Volvocaceae,Pleodorina,Pleodorina californica,Pleodorina californica,0,0,0,NA,,3,(49-52),,,,,
109,Pleodorina illinoisensis,obligate,simple,yes,25,2,32,clonal,[32],Plantae,Chlorophyta,Chlorophyceae,Volvocales,Volvocaceae,Eudorina,Pleodorina illinoisensis,Pleodorina illinoisensis,0,0,0,NA,,3,(49-52),,,,,
110,Pleodorina indica,obligate,simple,yes,50,2,128,clonal,[32],Plantae,Chlorophyta,Chlorophyceae,Volvocales,Volvocaceae,Pleodorina,Pleodorina indica,Pleodorina indica,0,0,0,NA,,3,(49-52),,,,,
111,Pleodorina japonica,obligate,simple,yes,NA,2,128,clonal,[29],Plantae,Chlorophyta,Chlorophyceae,Volvocales,Volvocaceae,Pleodorina,Pleodorina japonica,Pleodorina japonica,0,0,0,NA,,3,(49-52),,,,,
112,Pleurobrachia ,obligate,complex,yes,NA,13,10000,clonal,"[58, 59]",Animalia,Ctenophora,Tentaculata,Cydippida,Pleurobrachiidae,Pleurobrachia,Pleurobrachia ,Pleurobrachia ,0,0,1,b,,3,"(1, 4)",,,,,
113,Pocheina flagellata,facultative,simple,no,0,2,NA,non-clonal,[21],Protozoa,Percolozoa,Heterolobosea,Acrasiales,Guttulinaceae,Pocheina,Pocheina flagellata,Pocheina flagellata,0,0,0,f,,3,-2,,,,,
114,Pocheina rosea,facultative,simple,no,0,2,NA,non-clonal,[21],Protozoa,Percolozoa,Heterolobosea,Acrasiales,Guttulinaceae,Pocheina,Pocheina rosea,Pocheina rosea,0,0,0,f,,3,-2,,,,,
115,Pogonatum neesii,obligate,complex,yes,NA,21,707945784,clonal,"[21, 37]",Plantae,Bryophyta,Bryopsida,Polytrichales,Polytrichaceae,Pogonatum,Pogonatum neesii,Pogonatum neesii,0,0,1,b,,3,-2,,,,,
117,Polysphondylium violaceum,facultative,simple,yes,NA,2,NA,non-clonal,[47],Protozoa,Mycetozoa,Dictyosteliomycetes,Dictyosteliales,Dictyosteliaceae,Polysphondylium,Polysphondylium violaceum,Polysphondylium violaceum,0,0,1,f,,3,-79,,,,,
118,Polytrichum commune,obligate,complex,yes,NA,26,1E+09,clonal,"[21, 37]",Plantae,Bryophyta,Bryopsida,Polytrichales,Polytrichaceae,Polytrichum,Polytrichum commune,Polytrichum commune,1,1,1,b,,3,"(2, 45)",,,,,
120,Ptilophora scalaramosa,obligate,complex,yes,NA,12,31623000000,clonal,[21],NA,Rhodophyta,Florideophyceae,Gelidiales,Gelidiaceae,Ptilophora,Ptilophora scalaramosa,Ptilophora scalaramosa,0,0,1,f/b,,3,-2,,,,,
,pycnophyes frequens,obligate,complex,yes,NA,16,7943.28,clonal,[21],Animalia,Cephalorhyncha,Kinorhyncha,Homalorhagida,Pycnophyidae,Pycnophyes,Pycnophyes frequens,Pycnophyes frequens,0,0,0,2,,2,"(1, 4, 96)",,,,,
121,Ralfsia verrucosa,obligate,complex,yes,NA,8,630957345,clonal,[21],Chromista,Ochrophyta,Bacillariophyceae,NA,NA,Ralfsia,Ralfsia verrucosa,Ralfsia verrucosa,0,1,1,f/b,,3,"(2, 30)",,,,,
40,Dictyostelium minutum,facultative,simple,yes,20,2,3162.27766,non-clonal,[11],Protozoa,Mycetozoa,Dictyosteliomycetes,Dictyosteliales,Raperosteliaceae,Raperostelium,Raperostelium minutum,Raperostelium minutum,0,0,0,f,,3,-81,,,,,
,rastrognathhia macrostoma,obligate,complex,yes,NA,13,3162.28,clonal,[21],Animalia,Gnathostomulida,NA,Bursovaginoidea,Rastrognathiidae,Rastrognathia,Rastrognathia macrostoma,Rastrognathia macrostoma,0,0,0,?,,?,"(1, 4)",,,,,
,rhabditis monhystera,obligate,complex,yes,NA,23,446.68,clonal,[21],Animalia,Nematoda,Secernentea,Rhabditida,Rhabditidae,Rhabditis,Rhabditis monhystera,Rhabditis monhystera,0,0,0,NA,,1,"(1, 4)",,,,,
,rhopalura granosa,obligate,complex,yes,NA,3,1412.54,clonal,[21],Animalia,Orthonectida,NA,NA,Rhopaluridae,Rhopalura,Rhopalura granosa,Rhopalura granosa,0,0,0,?,,?,"(1, 4)",,,,,
122,Rivularia,obligate,simple,yes,NA,NA,NA,clonal,[6],Plantae,Chlorophyta,Chlorophyceae,Chaetophorales,Chaetophoraceae,Rivularia,NA,Rivularia,0,0,0,NA,,?,(49-52),,,,,
123,Saccharomyces cerevisiae,facultative,simple,yes,NA,NA,NA,clonal,"[51, 52]",Fungi,Ascomycota,Saccharomycetes,Saccharomycetales,Saccharomycetaceae,Saccharomyces,Saccharomyces cerevisiae,Saccharomyces cerevisiae,1,1,1,f,?,3,,,,,,
124,Sagittaria lancifolia,obligate,complex,yes,NA,42,1E+11,clonal,"[21, 22]",Plantae,Tracheophyta,Liliopsida,Alismatales,Alismataceae,Sagittaria,Sagittaria lancifolia,Sagittaria lancifolia,1,1,1,b,,3,"(2, 62)",,,,,
126,Salpingoeca rosetta,facultative,simple,no,NA,NA,29,clonal,"[58, 59]",Protozoa,Choanozoa,Choanoflagellatea,Choanoflagellida,Salpingoecidae,Salpingoeca,NA,Salpingoeca rosetta,1,1,1,f,,0,-76,,,,,
127,Sarconema scinaioides,obligate,complex,yes,NA,13,2511886432,clonal,[21],incertae sedis,NA,NA,NA,NA,NA,Sarconema scinaioides,Sarconema scinaioides,0,0,1,?,,3,-2,,,,,
128,Schimmelmannia dawsonii,obligate,complex,yes,NA,11,2.51E+11,clonal,[21],Plantae,Rhodophyta,Florideophyceae,Acrosymphytales,Acrosymphytaceae,Schimmelmannia,NA,Schimmelmannia dawsonii,0,0,1,f,,3,"(2, 30)",,,,,
129,Schizosaccharomyces pombe,facultative,simple,no,NA,NA,NA,clonal,"[53, 54]",Fungi,Ascomycota,Schizosaccharomycetes,Schizosaccharomycetales,Schizosaccharomycetaceae,Schizosaccharomyces,Schizosaccharomyces pombe,Schizosaccharomyces pombe,1,1,1,f,?,3,,,,,,
,dugesia mediterranea,obligate,complex,yes,NA,14,1778279.41,clonal,[21],Animalia,Platyhelminthes,NA,Tricladida,Dugesiidae,Schmidtea,Schmidtea mediterranea,Schmidtea mediterranea,1,1,1,f,,3,"(1, 4)",,,,,
130,Schmitzia hiscockiana,obligate,complex,yes,NA,14,2E+11,clonal,[21],Plantae,Rhodophyta,Florideophyceae,Gigartinales,Calosiphoniaceae,Schmitzia,Schmitzia hiscockiana,Schmitzia hiscockiana,0,0,1,f,,3,"(2, 30, 57)",,,,,
131,Scytonema,obligate,simple,yes,NA,2,NA,clonal,"[8], [6]",Fungi,NA,NA,NA,NA,Scytonema,NA,Scytonema,1,1,1,f,,3,-18,,,,,
132,Scytosiphon lomentaria,obligate,complex,yes,NA,4,794328235,clonal,[21],Chromista,Ochrophyta,Phaeophyceae,NA,NA,NA,Scytosiphon lomentaria,Scytosiphon lomentaria,0,0,1,f,,3,-2,,,,,
133,Selenipedium palmifolium,obligate,complex,yes,NA,35,12589000000,clonal,[21],Plantae,Tracheophyta,Liliopsida,Asparagales,Orchidaceae,Selenipedium,Selenipedium palmifolium,Selenipedium palmifolium,1,1,1,b,,3,"(2, 67)",,,,,
134,Sorogena stoianovitchae,facultative,simple,no,0,1,500,non-clonal,"[38, 39]",Chromista,Ciliophora,Colpodea,Sorogenida,Sorogenidae,Sorogena,Sorogena stoianovitchae,Sorogena stoianovitchae,0,0,0,NA,,3,-28,,,,,
135,Sphacelaria bipinnata,obligate,complex,yes,NA,9,1258925412,clonal,[21],Chromista,Ochrophyta,Phaeophyceae,Sphacelariales,Sphacelariaceae,Sphacelaria,Sphacelaria cirrosa,Sphacelaria cirrosa,0,0,1,f/b,,3,"(2, 30)",,,,,
136,Sphaerobolus stellatus,obligate,complex,yes,NA,9,1258925.41,clonal,"[21, 55]",Fungi,Basidiomycota,Agaricomycetes,Geastrales,Geastraceae,Sphaerobolus,Sphaerobolus stellatus,Sphaerobolus stellatus,0,0,1,f,,3,-2,,,,,
137,Sphagnum recurvum,obligate,complex,yes,NA,11,891250938,clonal,"[21, 37]",Plantae,Bryophyta,Sphagnopsida,Sphagnales,Sphagnaceae,Sphagnum,Sphagnum recurvum,Sphagnum recurvum,1,1,1,b,,3,"(2, 46-48)",,,,,
119,Pomatoceros triqueter,obligate,complex,yes,NA,12,70794.578,clonal,[21],Animalia,Annelida,Polychaeta,Sabellida,Serpulidae,Spirobranchus,Spirobranchus triqueter,Spirobranchus triqueter,0,0,1,f,,"1,2","(1-5, 9, 10)",,,,,
138,Spirulina,obligate,simple,no,0,1,NA,clonal,[6],Bacteria,Cyanobacteria,Cyanophyceae,Nostocales,Oscillatoriaceae,Spirulina,NA,Spirulina,1,1,1,f,section 3,0,"(18, 22)",,,,,
,spongilla lacustris,obligate,complex,yes,NA,16,10000.00,clonal,[21],Animalia,Porifera,Demospongiae,Spongillida,Spongillidae,Spongilla,Spongilla lacustris,Spongilla lacustris,1,1,1,f,,3,"(1, 4, 17)",,,,,
139,Starria zimbabweensis,facultative,simple,no,0,1,NA,clonal,[6],Bacteria,Cyanobacteria,Cyanophyceae,NA,Gomontiellaceae,Starria,NA,Starria zimbabweensis,1,1,1,f,section 3,0,"(18, 22)",,,,,
141,Streptomyces coelicolor,facultative,simple,yes,NA,2,NA,clonal,[4],Bacteria,Actinobacteria,NA,Actinomycetales,Streptomycetaceae,Streptomyces,Streptomyces albidoflavus,Streptomyces albidoflavus,NA,NA,NA,NA,,0,-20,,,,,
140,Streptomyces antibioticus,facultative,simple,yes,NA,NA,NA,clonal,"[4, 5]",Bacteria,Actinobacteria,NA,Actinomycetales,Streptomycetaceae,Streptomyces,Streptomyces antibioticus,Streptomyces antibioticus,NA,NA,NA,NA,,0,-20,,,,,
142,Streptomyces griseus,facultative,simple,yes,NA,2,NA,clonal,[4],Bacteria,Actinobacteria,NA,Actinomycetales,Streptomycetaceae,Streptomyces,Streptomyces griseus,Streptomyces griseus,NA,NA,NA,NA,,0,-20,,,,,
143,Symphyogyna brongniartii,obligate,complex,yes,NA,13,446683.592,clonal,"[21, 37]",Plantae,Marchantiophyta,Jungermanniopsida,Pallaviciniales,Pallaviciniaceae,Symphyogyna,Symphyogyna brongniartii,Symphyogyna brongniartii,1,1,1,b,,3,,,,,,
144,Symploca,obligate,simple,no,0,1,NA,clonal,[6],Bacteria,Cyanobacteria,Cyanophyceae,Nostocales,Oscillatoriaceae,Symploca,NA,Symploca,1,1,1,f,section 3,0,"(18, 22)",,,,,
145,Syringoderma phinneyi,obligate,complex,yes,NA,6,199526.232,clonal,[21],Chromista,Ochrophyta,Phaeophyceae,Syringodermatales,NA,NA,Syringoderma phinneyi,Syringoderma phinneyi,0,0,1,f/b,,3,"(2, 30)",,,,,
146,Tetrabaena socialis,obligate,simple,no,0,1,4,clonal,"[26, 27]",Plantae,Chlorophyta,Chlorophyceae,Volvocales,Tetrabaenaceae,Tetrabaena,Tetrabaena socialis,Tetrabaena socialis,0,0,0,NA,,0,(49-52),,,,,
,anaperus sulcatus,obligate,complex,yes,NA,9,125892541.18,clonal,[21],Animalia,Xenacoelomorpha,NA,Acoela,Convolutidae,Thalassoanaperus,Thalassoanaperus sulcatus,Thalassoanaperus sulcatus,0,0,1,f,,3,"(1, 4)",,,,,
147,Trichodesmium erythraeum,obligate,simple,yes,NA,2,NA,clonal,[6],Bacteria,Cyanobacteria,Cyanophyceae,NA,Phormidiaceae,Trichodesmium,Trichodesmium erythraeum,Trichodesmium erythraeum,1,1,1,f,section 3,0,"(18, 22)",,,,,
,Trichoplax adhaerens,obligate,complex,yes,NA,4,316.23,clonal,[21],Animalia,Placozoa,NA,NA,Trichoplacidae,Trichoplax,Trichoplax adhaerens,Trichoplax adhaerens,1,1,1,f,,3,"(1, 4, 14)",,,,,
,turbanella cornuta,obligate,complex,yes,NA,18,7079.46,clonal,[21],Animalia,Gastrotricha,NA,Macrodasyida,Turbanellidae,Turbanella,Turbanella cornuta,Turbanella cornuta,0,0,0,NA,,1,"(1, 4)",,,,,
,valvognathia pogonostoa,obligate,complex,yes,NA,15,1778.28,clonal,[21],Animalia,Gnathostomulida,NA,Bursovaginoidea,Onychognathiidae,Valvognathia,Valvognathia pogonostoma,Valvognathia pogonostoma,0,0,0,?,,?,"(1, 4)",,,,,
148,Volvox africanus,obligate,simple,yes,99.9,2,8192,clonal,"[27, 33]",Plantae,Chlorophyta,Chlorophyceae,Chlamydomonadales,Volvocaceae,Volvox,Volvox africanus,Volvox africanus,0,0,0,NA,"In volvox, immature colonies grow from single cells within the adult and then burst out-- this feels like a bottleneck, but maybe can also described as budding? ",3,(49-52),,,,,
149,Volvox aureus,obligate,simple,yes,NA,2,2048,clonal,[21],Plantae,Chlorophyta,Chlorophyceae,Volvocales,Volvocaceae,Volvox,Volvox aureus,Volvox aureus,0,0,0,NA,,3,(49-52),,,,,
150,Volvox barberi,obligate,simple,yes,99.98,2,32768,clonal,[27],Plantae,Chlorophyta,Chlorophyceae,Chlamydomonadales,Volvocaceae,Volvox,Volvox barberi,Volvox barberi,0,0,0,NA,,3,(49-52),,,,,
151,Volvox carteri f. kawasakiensis,obligate,simple,yes,99,2,2048,clonal,"[16, 34-36]",Plantae,Chlorophyta,Chlorophyceae,Chlamydomonadales,Volvocaceae,Volvox,Volvox carteri f. kawasakiensis,Volvox carteri f. kawasakiensis,0,0,0,NA,Asymmetrical cell division determines reproduction (cell-cell interactions?),2,(49-52),,,,,
151,Volvox carteri f. nagariensis,obligate,simple,yes,99,2,4096,clonal,"[16, 34-36]",Plantae,Chlorophyta,Chlorophyceae,Chlamydomonadales,Volvocaceae,Volvox,Volvox carteri f. nagariensis,Volvox carteri f. nagariensis,0,0,0,NA,,2,(49-52),,,,,
151,Volvox carteri f. weismannia,obligate,simple,yes,99,2,2048,clonal,"[16, 34-36]",Plantae,Chlorophyta,Chlorophyceae,Chlamydomonadales,Volvocaceae,Volvox,Volvox carteri f. weismannia,Volvox carteri f. weismannia,0,0,0,NA,,2,(49-52),,,,,
152,Volvox dissipatrix,obligate,simple,yes,NA,2,16384,clonal,[27],Plantae,Chlorophyta,Chlorophyceae,Chlamydomonadales,Volvocaceae,Volvox,Volvox dissipatrix,Volvox dissipatrix,0,0,0,NA,,3,(49-52),,,,,
153,Volvox gigas,obligate,simple,yes,93.75,2,4096,clonal,[27],Plantae,Chlorophyta,Chlorophyceae,Chlamydomonadales,Volvocaceae,Volvox,Volvox gigas,Volvox gigas,0,0,0,NA,,3,(49-52),,,,,
154,Volvox globator,obligate,simple,yes,NA,2,16384,clonal,[27],Plantae,Chlorophyta,Chlorophyceae,Volvocales,Volvocaceae,Volvox,Volvox globator,Volvox globator,0,0,0,NA,,3,(49-52),,,,,
155,Volvox obversus,obligate,simple,yes,NA,2,2048,clonal,[27],Plantae,Chlorophyta,Chlorophyceae,Chlamydomonadales,Volvocaceae,Volvox,Volvox obversus,Volvox obversus,0,0,0,NA,,2,(49-52),,,,,
156,Volvox rousseletii,obligate,simple,yes,NA,2,32768,clonal,[27],Plantae,Chlorophyta,Chlorophyceae,Volvocales,Volvocaceae,Volvox,Volvox rousseletii,Volvox rousseletii,0,0,0,NA,,3,(49-52),,,,,
157,Volvox tertius,obligate,simple,yes,98.8,2,1024,clonal,[27],Plantae,Chlorophyta,Chlorophyceae,Volvocales,Volvocaceae,Volvox,Volvox tertius,Volvox tertius,0,0,0,NA,,0,(49-52),,,,,
158,Volvulina boldii,obligate,simple,no,0,1,16,clonal,[27],Plantae,Chlorophyta,Chlorophyceae,Volvocales,Volvocaceae,Volvulina,Volvulina boldii,Volvulina boldii,0,0,0,NA,,0,(49-52),,,,,
159,Volvulina compacta,obligate,simple,no,0,1,16,clonal,[27],Plantae,Chlorophyta,Chlorophyceae,Volvocales,Volvocaceae,Volvulina,Volvulina compacta,Volvulina compacta,0,0,0,NA,,0,(49-52),,,,,
160,Volvulina pringsheimii,obligate,simple,no,0,1,16,clonal,[27],Plantae,Chlorophyta,Chlorophyceae,Volvocales,Volvocaceae,Volvulina,Volvulina pringsheimii,Volvulina pringsheimii,0,0,0,NA,,0,(49-52),,,,,
161,Volvulina steinii,obligate,simple,no,0,1,16,clonal,[28],Plantae,Chlorophyta,Chlorophyceae,Volvocales,Volvocaceae,Volvulina,Volvulina steinii,Volvulina steinii,0,0,0,NA,,0,(49-52),,,,,
162,Wolffia arrhiza,obligate,complex,yes,NA,5,10000,clonal,[21],Plantae,Tracheophyta,Liliopsida,Alismatales,Araceae,Wolffia,Wolffia arrhiza,Wolffia arrhiza,1,1,1,b,,3,"(2, 63)",,,,,
163,Wolffia microscopica,obligate,complex,yes,NA,7,70794.5784,clonal,[21],Plantae,Tracheophyta,Liliopsida,Alismatales,Araceae,Wolffia,Wolffia microscopica,Wolffia microscopica,1,1,1,b,,3,"(2, 63-65)",,,,,
164,Yamadaella caenomyce,obligate,complex,yes,NA,7,3981071706,clonal,[21],NA,Rhodophyta,Florideophyceae,Namaliales,NA,NA,Yamadaella caenomyce,Yamadaella caenomyce,0,0,1,f/b,,3,-2,,,,,
165,Yamagishiella unicocca,obligate,simple,no,0,1,32,clonal,"[27, 31]",Plantae,Chlorophyta,Chlorophyceae,Volvocales,Volvocaceae,Yamagishiella,Yamagishiella unicocca,Yamagishiella unicocca,0,0,0,NA,,0,"(51, 52)",,,,,
166,Zeacarpa leiomorpha,obligate,complex,yes,NA,8,7943282347,clonal,[21],Plantae,Chlorophyta,Chlorophyceae,Chlamydomonadales,Volvocaceae,Volvox,Zeacarpa leiomorpha,Zeacarpa leiomorpha,0,0,0,NA,,3,(49-52),,,,,
167,Zoothamnium alternans,obligate,simple,yes,NA,4,141.253755,clonal,"[40, 41]",Chromista,Ciliophora,Oligohymenophorea,Peritrichida,Zoothamniidae,Zoothamnium,,Zoothamnium alternans,0,0,0,NA,,3,"(29, 30)",,,,,
96,Nodularia,obligate,simple,yes,NA,3,NA,clonal,[6],,,,,,,,,,,,NA,,1,-18,,,,,